Point,Test,Output,Nominal,Spec,Weight,Pass/Fail
"Parameters: fsignal=10M, vdd=2.25",,,,,,
1,Tran_test,Droop Rate,-69.2e-9,< 1u,,pass
1,AC_test,BW,217.3e6,> 215M,,pass
1,AC_test,Gain,896.2e-3,tol 900m 1%,,pass
"Parameters: fsignal=10M, vdd=2.5",,,,,,
2,Tran_test,Droop Rate,-1.282e-6,< 1u,,pass
2,AC_test,BW,239.5e6,> 215M,,pass
2,AC_test,Gain,898e-3,tol 900m 1%,,pass
"Parameters: fsignal=10M, vdd=2.75",,,,,,
3,Tran_test,Droop Rate,-1.093e-6,< 1u,,pass
3,AC_test,BW,254.5e6,> 215M,,pass
3,AC_test,Gain,899.6e-3,tol 900m 1%,,pass
"Parameters: fsignal=12M, vdd=2.25",,,,,,
4,Tran_test,Droop Rate,1.337e-6,< 1u,,fail
4,AC_test,BW,217.3e6,> 215M,,pass
4,AC_test,Gain,896.2e-3,tol 900m 1%,,pass
"Parameters: fsignal=12M, vdd=2.5",,,,,,
5,Tran_test,Droop Rate,3.152e-6,< 1u,,fail
5,AC_test,BW,239.5e6,> 215M,,pass
5,AC_test,Gain,898e-3,tol 900m 1%,,pass
"Parameters: fsignal=12M, vdd=2.75",,,,,,
6,Tran_test,Droop Rate,1.646e-6,< 1u,,fail
6,AC_test,BW,254.5e6,> 215M,,pass
6,AC_test,Gain,899.6e-3,tol 900m 1%,,pass
"Parameters: fsignal=14M, vdd=2.25",,,,,,
7,Tran_test,Droop Rate,1.193e-6,< 1u,,fail
7,AC_test,BW,217.3e6,> 215M,,pass
7,AC_test,Gain,896.2e-3,tol 900m 1%,,pass
"Parameters: fsignal=14M, vdd=2.5",,,,,,
8,Tran_test,Droop Rate,4.336e-6,< 1u,,fail
8,AC_test,BW,239.5e6,> 215M,,pass
8,AC_test,Gain,898e-3,tol 900m 1%,,pass
"Parameters: fsignal=14M, vdd=2.75",,,,,,
9,Tran_test,Droop Rate,-1.46e-6,< 1u,,pass
9,AC_test,BW,254.5e6,> 215M,,pass
9,AC_test,Gain,899.6e-3,tol 900m 1%,,pass

